{"Expected": "tensor([6, 7, 0, 0, 5, 4, 7, 0, 0, 4, 7, 7, 1, 1, 7, 7], device='cuda:0')", "Result": "tensor([[2.4154, 0.0235, 0.0244,  ..., 1.0837, 0.8672, 0.8518],\n        [2.7534, 0.0516, 0.1127,  ..., 1.0356, 0.8415, 0.8267],\n        [1.2831, 1.6593, 1.3498,  ..., 0.3865, 0.2915, 0.4622],\n        ...,\n        [1.2831, 1.6593, 1.3498,  ..., 0.3865, 0.2915, 0.4622],\n        [1.2831, 1.6593, 1.3498,  ..., 0.3865, 0.2915, 0.4622],\n        [2.2861, 0.0236, 0.0757,  ..., 0.7450, 1.3819, 1.0267]],\n       device='cuda:0', grad_fn=<ViewBackward>)", "sum": 682.6237182617188, "_timestamp": 1655750117, "_runtime": 113, "_step": 273, "epoch": 1, "train_loss": 4.735246181488037}