{"Expected": "tensor([0, 5, 0, 0, 0, 0, 7, 7, 4, 6, 7, 7, 1, 4, 7, 5], device='cuda:0')", "Result": "tensor([[1.0042, 1.4500, 1.0205,  ..., 0.9753, 0.5838, 0.5642],\n        [0.7314, 0.1744, 0.5960,  ..., 0.6712, 0.9329, 1.2526],\n        [1.0042, 1.4500, 1.0205,  ..., 0.9753, 0.5838, 0.5642],\n        ...,\n        [1.0042, 1.4500, 1.0205,  ..., 0.9753, 0.5838, 0.5642],\n        [0.6359, 0.1871, 0.1858,  ..., 1.0654, 2.3243, 0.9119],\n        [1.0042, 1.4500, 1.0205,  ..., 0.9753, 0.5838, 0.5642]],\n       device='cuda:0', grad_fn=<ViewBackward>)", "sum": 397.0001220703125, "_timestamp": 1655750143, "_runtime": 22, "_step": 41, "epoch": 1, "train_loss": 5.956659317016602}