{"sum": 422.2274169921875, "_timestamp": 1655778470, "_runtime": 119, "_step": 195, "epoch": 1, "train_loss": 5.579168319702148}