{"sum": 0.7910587787628174, "_timestamp": 1656114785, "_runtime": 10, "_step": 5, "epoch": 1, "train_loss": 2.02409291267395}