{"Expected": "tensor([4, 7, 7, 4, 7, 7, 4, 0, 0, 1, 5, 7, 2, 6, 7, 4], device='cuda:0')", "Result": "tensor([[1.0769, 1.7672, 1.5726,  ..., 0.2139, 0.4608, 0.2749],\n        [3.1408, 0.0000, 0.0000,  ..., 1.0768, 0.8824, 1.3197],\n        [1.0769, 1.7672, 1.5726,  ..., 0.2139, 0.4608, 0.2749],\n        ...,\n        [1.0769, 1.7672, 1.5726,  ..., 0.2139, 0.4608, 0.2749],\n        [1.0769, 1.7672, 1.5726,  ..., 0.2139, 0.4608, 0.2749],\n        [1.0769, 1.7672, 1.5726,  ..., 0.2139, 0.4608, 0.2749]],\n       device='cuda:0', grad_fn=<ViewBackward>)", "sum": 238.7442626953125, "_timestamp": 1655750333, "_runtime": 185, "_step": 453, "epoch": 1, "train_loss": 4.775012016296387}