{"Expected": "tensor([0, 4, 4, 4, 5, 4, 0, 2, 2, 4, 0, 7, 7, 5, 4, 2], device='cuda:0')", "Result": "tensor([[2.1600, 2.6239, 2.1617,  ..., 0.0220, 0.0301, 0.1042],\n        [2.1600, 2.6239, 2.1617,  ..., 0.0220, 0.0301, 0.1042],\n        [4.6661, 0.0684, 0.0450,  ..., 0.8950, 1.1555, 1.0716],\n        ...,\n        [2.1600, 2.6239, 2.1617,  ..., 0.0220, 0.0301, 0.1042],\n        [4.1514, 0.0000, 0.0047,  ..., 0.7923, 1.3327, 0.8905],\n        [2.1600, 2.6239, 2.1617,  ..., 0.0220, 0.0301, 0.1042]],\n       device='cuda:0', grad_fn=<ViewBackward>)", "sum": 90.24995422363281, "_timestamp": 1655750654, "_runtime": 506, "_step": 1275, "epoch": 1, "train_loss": 3.6394944190979004}