{"sum": -0.6907715797424316, "_timestamp": 1656114986, "_runtime": 59, "_step": 55, "epoch": 1, "train_loss": 1.729322910308838}